Time (s);Time Delay (ms);RMS Value
0.000000;-10.021;11.928
0.085333;-10.021;11.943
0.170667;-10.021;12.419
0.256000;-10.021;11.343
0.341333;-10.021;11.420
0.426667;-10.021;12.091
0.512000;-10.021;11.614
0.597333;-10.021;12.185
0.682667;-10.021;12.159
0.768000;-10.021;11.962
0.853333;-10.021;12.356
